,TIME,OPEN,HIGH,LOW,CLOSE,VOLUME
0,"Jan 31, 2018",316.9,318.0,315.5,315.81,258800
1,"Jan 30, 2018",317.0,318.0,314.0,315.21,276400
2,"Jan 29, 2018",315.0,319.44,314.1,316.35,447600
3,"Jan 26, 2018",315.0,316.0,312.1,314.99,389400
4,"Jan 25, 2018",317.16,321.0,315.0,316.43,538900
5,"Jan 24, 2018",319.0,322.53,315.01,317.41,1221400
6,"Jan 23, 2018",319.99,320.0,313.0,317.33,646100
7,"Jan 22, 2018",308.0,319.9,308.03,317.92,1586900
8,"Jan 19, 2018",307.9,308.75,304.5,307.09,577300
9,"Jan 18, 2018",307.01,312.0,301.0,306.18,845600
10,"Jan 17, 2018",300.0,304.99,299.0,304.14,377000
11,"Jan 16, 2018",292.51,303.84,291.9,301.08,771500
12,"Jan 15, 2018",301.01,301.1,292.0,293.06,429000
13,"Jan 12, 2018",316.0,316.0,301.12,302.82,673100
14,"Jan 11, 2018",319.0,320.0,313.9,315.05,1007900
15,"Jan 10, 2018",317.99,321.8,315.5,320.26,982500
16,"Jan 9, 2018",308.99,315.95,305.6,314.48,1001400
17,"Jan 8, 2018",300.0,310.0,299.33,307.26,1444100
18,"Jan 5, 2018",296.01,302.48,296.01,300.28,387800
19,"Jan 4, 2018",301.0,302.5,297.54,298.48,326700
20,"Jan 3, 2018",297.0,303.0,296.0,298.93,1021000
21,"Jan 2, 2018",294.0,301.0,290.0,297.22,657000
22,"Jan 1, 2018",295.0,296.9,289.5,295.83,291000
23,"Feb 28, 2018",292.0,301.0,290.3,297.78,709600
24,"Feb 27, 2018",286.25,291.0,285.0,289.87,290500
25,"Feb 26, 2018",294.9,296.73,285.01,286.28,556700
26,"Feb 23, 2018",298.0,299.9,290.0,293.5,560500
27,"Feb 22, 2018",293.0,298.0,290.1,296.53,792100
28,"Feb 21, 2018",308.02,310.0,297.55,298.73,912100
29,"Feb 20, 2018",307.0,307.0,302.0,305.37,141200
30,"Feb 19, 2018",306.6,309.0,306.1,307.29,573100
31,"Feb 16, 2018",294.61,303.5,294.61,302.0,293600
32,"Feb 15, 2018",302.0,305.0,295.01,296.47,631700
33,"Feb 14, 2018",306.77,307.0,301.3,301.72,433900
34,"Feb 13, 2018",308.95,309.03,307.55,308.07,88400
35,"Feb 12, 2018",309.85,310.0,305.5,307.41,280600
36,"Feb 9, 2018",309.5,310.7,306.56,309.74,290300
37,"Feb 8, 2018",314.95,315.0,310.01,310.61,260000
38,"Feb 7, 2018",317.99,318.0,314.0,314.4,274500
39,"Feb 6, 2018",315.0,316.5,314.0,315.42,379300
40,"Feb 2, 2018",319.0,323.28,318.9,320.47,663300
41,"Feb 1, 2018",316.27,321.0,316.27,318.36,793100
42,"Mar 30, 2018",322.5,323.4,318.75,321.49,740000
43,"Mar 29, 2018",316.89,324.0,313.5,322.7,2002900
44,"Mar 28, 2018",315.0,317.89,313.0,315.93,578500
45,"Mar 27, 2018",311.52,318.0,311.52,316.02,1030500
46,"Mar 26, 2018",309.5,313.86,307.55,312.37,226700
47,"Mar 22, 2018",312.0,313.8,309.2,310.67,351300
48,"Mar 21, 2018",307.0,312.75,306.0,310.34,958000
49,"Mar 20, 2018",303.0,310.9,303.0,306.75,2075300
50,"Mar 19, 2018",293.5,302.99,293.5,302.03,654500
51,"Mar 16, 2018",296.0,296.0,291.0,292.99,449300
52,"Mar 15, 2018",295.8,296.97,295.0,295.64,139600
53,"Mar 14, 2018",299.02,300.0,294.53,295.07,529900
54,"Mar 13, 2018",296.0,301.5,296.0,299.19,420900
55,"Mar 12, 2018",293.78,296.9,293.07,295.82,139500
56,"Mar 9, 2018",299.0,299.89,293.0,293.78,247900
57,"Mar 8, 2018",300.0,301.5,294.75,298.54,433000
58,"Mar 7, 2018",300.0,301.0,297.75,298.95,228400
59,"Mar 6, 2018",301.55,304.5,299.2,300.46,306100
60,"Mar 5, 2018",299.39,303.0,298.5,301.22,335000
61,"Mar 2, 2018",298.5,300.5,297.11,298.24,270800
62,"Mar 1, 2018",298.9,303.99,297.53,299.3,677700
63,"Apr 30, 2018",345.0,345.0,337.51,339.34,501000
64,"Apr 27, 2018",337.75,343.0,337.25,341.14,730200
65,"Apr 26, 2018",337.0,339.35,336.62,337.11,222600
66,"Apr 25, 2018",341.4,341.65,336.0,337.31,339300
67,"Apr 24, 2018",328.9,340.41,328.75,339.46,1781100
68,"Apr 23, 2018",324.0,328.87,324.0,327.8,536400
69,"Apr 20, 2018",325.5,326.05,320.1,321.58,164600
70,"Apr 19, 2018",326.0,328.99,323.0,324.78,222200
71,"Apr 18, 2018",327.3,329.8,323.5,324.26,240500
72,"Apr 17, 2018",326.95,327.99,323.13,327.27,257600
73,"Apr 16, 2018",328.53,331.99,324.5,325.38,280100
74,"Apr 13, 2018",336.95,336.96,330.15,332.27,202800
75,"Apr 12, 2018",339.25,341.0,333.0,336.96,916300
76,"Apr 11, 2018",331.0,339.9,330.0,337.6,1173900
77,"Apr 10, 2018",332.94,333.1,328.05,329.12,357700
78,"Apr 9, 2018",335.5,336.01,329.51,330.63,334400
79,"Apr 6, 2018",341.02,345.0,333.12,335.17,1688100
80,"Apr 5, 2018",331.0,338.9,331.0,337.56,1093900
81,"Apr 4, 2018",332.61,333.49,328.5,330.57,777200
82,"Apr 3, 2018",329.5,333.5,325.75,332.35,1838400
83,"Apr 2, 2018",325.75,331.0,324.5,329.99,1507800
84,"May 31, 2018",317.0,324.5,314.02,319.6,333000
85,"May 30, 2018",317.0,319.26,313.5,315.83,363700
86,"May 29, 2018",306.48,319.0,306.48,315.42,370200
87,"May 28, 2018",300.0,312.0,294.5,305.21,674000
88,"May 25, 2018",311.9,311.93,301.0,302.28,354400
89,"May 24, 2018",315.45,315.5,308.0,309.63,290100
90,"May 23, 2018",317.6,319.9,314.5,315.72,339200
91,"May 22, 2018",305.5,320.0,305.5,315.95,383900
92,"May 21, 2018",304.7,310.96,303.8,304.94,204100
93,"May 18, 2018",312.6,312.6,301.0,303.59,725500
94,"May 17, 2018",318.99,318.99,309.0,311.36,217400
95,"May 16, 2018",324.0,324.0,317.21,317.99,126000
96,"May 15, 2018",324.2,324.2,313.0,320.12,405500
97,"May 14, 2018",327.51,330.5,320.5,322.31,352200
98,"May 11, 2018",337.0,337.0,331.0,332.47,185600
99,"May 10, 2018",334.01,337.5,331.25,336.39,411300
100,"May 9, 2018",335.97,337.25,325.26,334.18,430800
101,"May 8, 2018",336.01,337.5,334.0,335.22,418800
102,"May 7, 2018",335.0,340.45,334.0,336.15,838200
103,"May 4, 2018",333.0,338.5,331.66,334.42,354700
104,"May 3, 2018",339.5,339.5,332.5,333.19,179900
105,"May 2, 2018",339.0,339.9,337.0,338.09,155100
106,"Jun 29, 2018",320.0,321.5,317.47,318.31,409000
107,"Jun 28, 2018",318.0,323.0,316.1,317.94,267700
108,"Jun 27, 2018",314.35,319.9,313.5,318.25,300900
109,"Jun 26, 2018",311.9,314.75,307.1,312.27,430900
110,"Jun 25, 2018",314.0,314.0,304.2,306.82,348100
111,"Jun 22, 2018",322.85,322.9,309.16,311.03,293300
112,"Jun 21, 2018",323.0,324.89,319.0,319.91,307900
113,"Jun 20, 2018",330.0,330.05,324.0,326.62,183400
114,"Jun 19, 2018",331.1,332.2,327.1,330.12,213000
115,"Jun 14, 2018",332.0,333.0,328.08,330.3,552100
116,"Jun 13, 2018",323.0,334.5,323.0,331.9,737100
117,"Jun 12, 2018",327.0,331.75,321.5,322.74,299700
118,"Jun 11, 2018",323.4,329.0,320.0,326.85,751600
119,"Jun 7, 2018",325.0,325.0,319.0,320.03,161100
120,"Jun 6, 2018",326.01,333.9,326.0,332.49,313400
121,"Jun 5, 2018",325.88,330.0,323.0,326.48,347600
122,"Jun 4, 2018",317.0,325.39,317.0,324.6,358000
123,"Jun 1, 2018",317.0,319.0,316.2,317.9,124300
124,"Jul 31, 2018",332.25,332.25,325.05,326.13,1113300
125,"Jul 30, 2018",326.0,334.87,324.11,332.74,2378300
126,"Jul 27, 2018",315.0,324.0,312.2,322.34,1787600
127,"Jul 26, 2018",317.98,317.98,306.0,313.67,524600
128,"Jul 24, 2018",293.21,305.95,293.21,304.86,694900
129,"Jul 23, 2018",300.0,301.0,291.0,293.21,491600
130,"Jul 20, 2018",307.91,307.91,300.1,301.69,299100
131,"Jul 19, 2018",300.0,309.2,300.0,306.94,994400
132,"Jul 18, 2018",287.1,295.45,287.02,294.48,624200
133,"Jul 17, 2018",285.0,287.0,276.0,284.66,539700
134,"Jul 16, 2018",300.0,300.0,285.51,286.63,934800
135,"Jul 13, 2018",304.0,305.01,299.51,300.42,255200
136,"Jul 12, 2018",296.5,307.3,296.5,304.27,350600
137,"Jul 11, 2018",298.0,306.2,296.0,300.12,349000
138,"Jul 10, 2018",293.5,302.0,287.0,300.37,818800
139,"Jul 9, 2018",308.06,309.22,291.26,295.1,504100
140,"Jul 6, 2018",294.09,310.0,293.21,304.71,396700
141,"Jul 5, 2018",300.0,304.5,294.4,296.63,372500
142,"Jul 4, 2018",315.0,315.0,299.46,299.84,659000
143,"Jul 3, 2018",314.7,317.5,314.0,315.22,113600
144,"Jul 2, 2018",320.19,324.0,317.0,318.78,206800
145,"Aug 31, 2018",346.0,346.0,343.0,343.58,208600
146,"Aug 30, 2018",347.5,348.97,343.85,346.14,296900
147,"Aug 29, 2018",346.0,349.0,343.52,346.13,501100
148,"Aug 28, 2018",347.0,351.0,345.5,346.31,585900
149,"Aug 27, 2018",346.0,349.44,342.52,347.6,377800
150,"Aug 24, 2018",342.89,345.0,340.25,344.21,188200
151,"Aug 20, 2018",350.5,350.5,340.0,342.8,300900
152,"Aug 17, 2018",341.48,348.3,341.48,345.59,336800
153,"Aug 16, 2018",347.5,348.08,339.25,340.66,658500
154,"Aug 15, 2018",353.0,353.0,347.0,348.08,459000
155,"Aug 13, 2018",353.54,353.54,346.45,352.13,2447100
156,"Aug 10, 2018",337.0,339.89,335.0,336.71,1171200
157,"Aug 9, 2018",333.89,337.05,330.01,335.55,891700
158,"Aug 8, 2018",334.99,336.0,332.5,333.44,303600
159,"Aug 7, 2018",338.5,338.5,333.0,334.57,618000
160,"Aug 6, 2018",337.89,339.0,335.0,337.59,465000
161,"Aug 3, 2018",328.0,337.5,327.5,336.56,1017800
162,"Aug 2, 2018",332.0,339.5,328.0,329.44,1427200
163,"Aug 1, 2018",326.0,333.9,322.75,332.13,1689700
164,"Sep 28, 2018",313.1,323.98,313.1,318.84,260100
165,"Sep 27, 2018",323.0,324.72,309.1,317.62,613200
166,"Sep 26, 2018",326.5,327.95,322.5,323.08,389800
167,"Sep 25, 2018",327.4,328.49,323.0,326.2,308300
168,"Sep 24, 2018",332.5,333.49,325.0,325.64,446800
169,"Sep 19, 2018",336.3,337.8,330.0,331.14,280300
170,"Sep 18, 2018",327.0,338.5,325.56,336.3,215100
171,"Sep 17, 2018",329.28,329.28,325.0,327.32,120600
172,"Sep 14, 2018",331.0,334.99,326.15,329.85,107600
173,"Sep 13, 2018",326.99,334.0,325.02,330.77,229100
174,"Sep 12, 2018",330.0,334.0,324.55,326.44,82900
175,"Sep 11, 2018",330.94,333.99,328.0,331.88,285700
176,"Sep 10, 2018",334.0,334.0,324.25,328.28,141300
177,"Sep 7, 2018",337.5,337.5,327.25,328.33,416000
178,"Sep 6, 2018",341.49,341.5,335.75,336.68,282100
179,"Sep 5, 2018",340.0,343.55,338.0,341.64,161900
180,"Sep 4, 2018",343.57,343.57,335.0,341.39,94500
181,"Sep 3, 2018",341.52,343.57,336.98,342.34,213000
182,"Oct 31, 2018",277.5,289.99,275.25,280.32,1399800
183,"Oct 30, 2018",283.75,284.0,276.5,278.77,1668900
184,"Oct 29, 2018",274.05,278.23,268.01,278.23,2682600
185,"Oct 26, 2018",252.01,265.92,249.8,264.99,2152700
186,"Oct 25, 2018",253.0,257.3,248.1,253.26,1721300
187,"Oct 24, 2018",241.0,245.05,241.0,245.05,262000
188,"Oct 23, 2018",240.0,240.01,232.0,233.39,410500
189,"Oct 22, 2018",238.0,245.5,236.1,239.06,1040000
190,"Oct 19, 2018",230.66,239.9,228.0,238.73,926700
191,"Oct 18, 2018",225.0,232.97,220.0,230.65,1099500
192,"Oct 17, 2018",212.11,224.42,212.0,224.05,808800
193,"Oct 16, 2018",216.98,224.0,210.0,213.74,697500
194,"Oct 15, 2018",223.0,223.8,213.62,215.63,533900
195,"Oct 12, 2018",234.0,234.01,223.1,224.86,281400
196,"Oct 11, 2018",235.0,238.0,231.26,234.51,309900
197,"Oct 10, 2018",232.7,237.5,225.55,236.05,313300
198,"Oct 9, 2018",235.99,243.0,232.5,234.24,847600
199,"Oct 8, 2018",242.25,245.7,231.86,234.87,498900
200,"Oct 5, 2018",254.0,258.0,241.14,244.06,510300
201,"Oct 4, 2018",319.99,319.01,306.65,309.6,468600
202,"Oct 3, 2018",319.0,320.0,316.56,317.31,268900
203,"Oct 2, 2018",320.0,323.55,314.0,318.15,251200
204,"Oct 1, 2018",320.0,325.0,317.15,318.38,92100
205,"Nov 30, 2018",273.5,274.35,266.0,268.7,590100
206,"Nov 29, 2018",277.0,277.0,271.89,272.92,272900
207,"Nov 28, 2018",274.45,279.0,273.5,276.16,1004000
208,"Nov 27, 2018",268.95,274.2,267.0,272.22,494200
209,"Nov 26, 2018",269.0,272.0,268.0,268.45,188700
210,"Nov 23, 2018",277.0,280.0,271.03,272.33,312300
211,"Nov 22, 2018",278.7,279.51,274.2,277.75,367900
212,"Nov 20, 2018",281.9,283.0,277.5,280.3,471600
213,"Nov 19, 2018",282.99,282.99,278.51,281.26,785900
214,"Nov 16, 2018",270.0,279.4,270.0,278.13,1638900
215,"Nov 15, 2018",272.0,272.0,268.01,269.38,428500
216,"Nov 14, 2018",272.76,276.0,270.0,271.42,517300
217,"Nov 13, 2018",270.25,273.88,268.0,272.76,304300
218,"Nov 12, 2018",274.05,276.9,270.0,271.51,312300
219,"Nov 9, 2018",268.12,277.0,266.05,274.85,949000
220,"Nov 8, 2018",278.12,279.25,268.62,269.71,794100
221,"Nov 7, 2018",280.5,284.0,276.25,277.07,1639200
222,"Nov 6, 2018",278.95,283.0,272.97,274.85,950800
223,"Nov 5, 2018",280.5,280.5,271.0,278.38,1214100
224,"Nov 2, 2018",283.0,287.3,281.0,283.69,1026800
225,"Nov 1, 2018",282.0,284.89,278.3,283.26,693600
226,"Dec 31, 2018",225.1,234.0,223.0,225.43,694500
227,"Dec 28, 2018",239.89,239.89,226.02,228.15,980300
228,"Dec 27, 2018",244.9,245.9,237.01,237.91,271500
229,"Dec 26, 2018",242.0,246.0,242.0,243.29,260300
230,"Dec 24, 2018",239.75,246.0,236.5,244.67,502800
231,"Dec 21, 2018",233.75,241.1,233.0,239.75,561300
232,"Dec 20, 2018",234.75,237.0,225.0,232.69,347200
233,"Dec 19, 2018",232.51,235.0,231.02,234.0,145700
234,"Dec 18, 2018",232.7,237.0,231.55,234.24,348900
235,"Dec 17, 2018",235.5,236.99,233.55,234.69,76100
236,"Dec 14, 2018",231.0,237.69,228.0,236.58,306700
237,"Dec 13, 2018",229.1,231.88,226.9,229.76,571600
238,"Dec 12, 2018",231.5,233.0,228.65,229.98,454800
239,"Dec 11, 2018",237.5,237.99,233.02,234.28,110500
240,"Dec 10, 2018",239.95,243.89,237.0,239.11,450000
241,"Dec 7, 2018",230.0,237.49,227.01,235.19,543600
242,"Dec 6, 2018",242.95,242.95,229.7,230.3,1233900
243,"Dec 5, 2018",248.25,248.99,238.1,241.78,393800
244,"Dec 4, 2018",244.0,252.0,243.02,248.15,1000000
245,"Dec 3, 2018",267.0,267.0,255.27,255.27,470100
246,"Jan 31, 2019",243.99,247.0,242.0,246.17,342700
247,"Jan 30, 2019",244.99,245.95,242.51,244.16,427700
248,"Jan 29, 2019",238.5,244.98,238.0,244.34,902000
249,"Jan 28, 2019",234.01,239.8,232.5,239.07,508000
250,"Jan 25, 2019",237.99,238.0,232.01,233.46,521100
251,"Jan 24, 2019",245.0,247.0,236.0,236.97,802600
252,"Jan 23, 2019",238.0,240.75,238.0,239.91,229300
253,"Jan 22, 2019",235.25,240.5,235.25,237.87,595000
254,"Jan 21, 2019",235.1,239.1,235.0,236.41,250800
255,"Jan 18, 2019",231.05,237.0,231.05,235.16,380900
256,"Jan 17, 2019",235.7,236.5,232.75,236.05,168200
257,"Jan 16, 2019",239.0,240.0,235.1,236.25,179000
258,"Jan 15, 2019",238.5,241.15,237.4,238.34,253800
259,"Jan 14, 2019",237.0,241.0,236.25,238.37,233000
260,"Jan 11, 2019",233.65,236.5,230.5,235.42,320000
261,"Jan 10, 2019",237.5,240.0,235.0,235.51,214700
262,"Jan 9, 2019",239.0,242.5,235.5,236.17,505100
263,"Jan 8, 2019",237.9,240.7,235.15,238.69,499700
264,"Jan 7, 2019",230.0,236.49,230.0,235.8,307700
265,"Jan 4, 2019",228.5,230.45,226.21,227.4,119900
266,"Jan 3, 2019",229.5,232.0,227.06,228.02,67700
267,"Jan 2, 2019",232.0,234.49,228.1,230.62,374000
268,"Jan 1, 2019",224.1,236.0,224.1,231.6,550400
269,"Feb 28, 2019",223.0,226.89,220.0,224.13,546600
270,"Feb 27, 2019",222.0,225.48,213.68,222.79,1028700
271,"Feb 26, 2019",226.5,229.0,222.21,224.92,482100
272,"Feb 25, 2019",231.5,234.0,228.5,229.28,129300
273,"Feb 22, 2019",229.99,232.0,228.6,231.04,336300
274,"Feb 21, 2019",229.0,233.8,228.0,230.07,411700
275,"Feb 20, 2019",226.01,230.0,226.01,228.84,295300
276,"Feb 19, 2019",226.0,233.5,226.0,227.91,738900
277,"Feb 18, 2019",221.9,227.88,218.01,225.84,1066900
278,"Feb 15, 2019",228.99,229.74,221.06,222.5,890700
279,"Feb 14, 2019",234.0,235.7,227.25,228.23,710000
280,"Feb 13, 2019",234.5,236.0,233.83,234.18,179900
281,"Feb 12, 2019",233.0,234.99,231.11,233.83,307900
282,"Feb 11, 2019",240.5,241.9,232.0,232.8,541600
283,"Feb 8, 2019",242.3,244.2,237.5,239.3,797200
284,"Feb 7, 2019",243.83,245.0,241.8,242.34,206100
285,"Feb 6, 2019",247.1,247.99,242.42,243.33,351800
286,"Feb 4, 2019",247.5,250.0,247.0,247.71,386000
287,"Feb 1, 2019",245.01,251.0,245.01,246.94,1959000
288,"Mar 29, 2019",214.5,219.0,212.82,216.18,402700
289,"Mar 28, 2019",216.5,219.5,212.06,213.64,529000
290,"Mar 27, 2019",210.99,216.0,210.49,215.91,530200
291,"Mar 26, 2019",212.5,212.5,209.5,210.14,251300
292,"Mar 25, 2019",213.0,214.0,211.1,211.94,260800
293,"Mar 22, 2019",211.98,215.6,210.08,212.6,1284800
294,"Mar 21, 2019",211.0,212.0,209.1,210.04,87400
295,"Mar 20, 2019",214.0,214.0,210.11,211.34,235100
296,"Mar 19, 2019",216.05,217.0,213.0,214.03,145500
297,"Mar 18, 2019",213.13,218.0,209.11,216.6,334900
298,"Mar 15, 2019",218.02,219.4,213.53,214.3,237500
299,"Mar 14, 2019",219.99,221.5,217.5,218.95,134600
300,"Mar 13, 2019",220.5,221.5,219.0,219.92,125200
301,"Mar 12, 2019",221.44,221.44,219.0,220.1,135300
302,"Mar 11, 2019",223.23,224.87,219.5,220.1,344000
303,"Mar 8, 2019",225.99,225.99,218.0,221.26,567200
304,"Mar 7, 2019",230.0,230.5,224.01,224.97,274200
305,"Mar 6, 2019",232.0,232.9,228.0,228.49,295400
306,"Mar 5, 2019",234.01,236.07,230.01,231.83,218600
307,"Mar 4, 2019",231.99,235.6,231.0,234.96,608400
308,"Mar 1, 2019",225.9,232.5,225.9,229.42,829000
309,"Apr 30, 2019",198.01,200.69,194.0,194.23,386700
310,"Apr 29, 2019",201.2,203.5,198.5,199.45,355600
311,"Apr 26, 2019",201.4,203.4,199.02,200.08,389800
312,"Apr 25, 2019",200.75,204.8,198.6,200.77,415700
313,"Apr 24, 2019",197.01,204.5,193.15,200.01,526700
314,"Apr 23, 2019",203.55,203.55,196.78,198.58,853700
315,"Apr 22, 2019",208.0,209.5,201.4,202.87,232500
316,"Apr 19, 2019",205.1,211.2,200.6,207.33,409600
317,"Apr 18, 2019",207.0,208.97,203.1,205.19,102100
318,"Apr 17, 2019",212.0,212.25,206.1,207.78,263000
319,"Apr 16, 2019",214.75,214.75,210.0,211.39,307000
320,"Apr 15, 2019",213.9,216.0,210.25,214.44,584400
321,"Apr 12, 2019",203.0,213.48,203.0,212.94,699900
322,"Apr 11, 2019",195.0,204.0,195.0,203.32,490300
323,"Apr 10, 2019",202.0,206.25,195.0,196.89,428800
324,"Apr 9, 2019",196.01,205.95,195.77,203.77,410400
325,"Apr 8, 2019",201.5,202.94,196.1,197.75,471000
326,"Apr 5, 2019",203.99,205.8,202.0,203.53,208600
327,"Apr 4, 2019",207.5,208.25,202.0,203.96,205100
328,"Apr 3, 2019",209.5,210.0,206.2,207.32,311200
329,"Apr 2, 2019",213.95,214.5,207.3,207.92,502600
330,"Apr 1, 2019",218.0,218.1,212.17,212.96,161300
331,"May 30, 2019",200.0,203.94,194.51,201.06,3164700
332,"May 29, 2019",187.0,194.99,187.0,194.99,1808200
333,"May 28, 2019",195.0,195.0,185.56,185.71,2001300
334,"May 27, 2019",190.0,197.8,189.5,195.32,2829700
335,"May 24, 2019",184.99,191.97,182.83,188.39,2844200
336,"May 23, 2019",182.83,182.83,182.83,182.83,256900
337,"May 22, 2019",168.4,174.13,168.4,174.13,288300
338,"May 21, 2019",158.0,165.84,154.0,165.84,520600
339,"May 20, 2019",153.01,159.49,150.0,157.95,1191100
340,"May 17, 2019",157.0,164.9,151.96,151.96,789000
341,"May 16, 2019",166.61,168.0,159.11,159.95,382400
342,"May 15, 2019",160.01,166.98,160.0,166.07,514300
343,"May 14, 2019",166.01,168.9,159.13,159.42,1147700
344,"May 13, 2019",179.98,179.98,166.16,167.5,437500
345,"May 10, 2019",179.0,179.0,173.5,174.68,133200
346,"May 9, 2019",176.99,179.49,170.35,176.84,334300
347,"May 8, 2019",179.1,179.1,172.01,174.08,669400
348,"May 7, 2019",183.99,183.99,177.25,179.49,405700
349,"May 6, 2019",187.5,189.85,182.3,183.02,392500
350,"May 3, 2019",190.0,190.0,185.2,185.74,750900
351,"May 2, 2019",195.0,195.5,190.0,190.04,399400
352,"Jun 28, 2019",166.5,172.43,164.0,169.63,1286000
353,"Jun 27, 2019",169.0,170.95,165.1,166.58,1082600
354,"Jun 26, 2019",175.4,176.5,166.32,168.14,1861200
355,"Jun 25, 2019",172.76,175.75,170.98,172.32,711500
356,"Jun 24, 2019",179.8,180.45,172.18,172.76,665600
357,"Jun 21, 2019",179.51,181.79,177.99,178.88,1009700
358,"Jun 20, 2019",175.0,181.9,174.21,178.35,1787500
359,"Jun 19, 2019",172.01,178.0,170.73,175.2,1673900
360,"Jun 18, 2019",178.3,181.0,170.61,172.89,1185000
361,"Jun 17, 2019",179.01,183.0,177.0,178.91,946000
362,"Jun 14, 2019",180.1,185.5,177.61,179.33,1399000
363,"Jun 13, 2019",177.9,184.94,176.5,182.21,746500
364,"Jun 12, 2019",179.0,183.38,174.25,178.55,1156700
365,"Jun 11, 2019",172.0,182.0,172.0,179.53,1347400
366,"Jun 10, 2019",185.52,186.0,178.54,178.54,823700
367,"Jun 3, 2019",198.24,200.25,191.2,192.93,1037100
368,"Jul 31, 2019",147.0,151.0,145.8,150.18,390700
369,"Jul 30, 2019",144.05,147.8,142.51,146.41,233000
370,"Jul 29, 2019",147.0,149.25,144.1,144.86,306200
371,"Jul 26, 2019",150.0,150.12,147.2,147.62,352700
372,"Jul 25, 2019",153.05,153.05,148.25,150.51,802000
373,"Jul 24, 2019",156.99,156.99,153.1,154.13,500000
374,"Jul 23, 2019",156.11,158.0,153.7,156.51,758100
375,"Jul 22, 2019",157.5,157.5,152.55,155.93,749700
376,"Jul 19, 2019",148.4,154.8,146.0,153.51,1283500
377,"Jul 18, 2019",152.0,157.0,146.5,147.43,2048900
378,"Jul 17, 2019",154.9,160.0,149.5,152.44,2219100
379,"Jul 16, 2019",148.0,154.0,144.2,153.13,1741400
380,"Jul 15, 2019",155.1,155.79,150.3,150.3,1113500
381,"Jul 12, 2019",164.2,164.2,157.8,158.21,467000
382,"Jul 11, 2019",163.25,165.0,162.5,163.83,516000
383,"Jul 10, 2019",163.1,164.0,162.0,162.6,452700
384,"Jul 9, 2019",161.0,165.0,160.11,162.8,429600
385,"Jul 8, 2019",168.25,168.74,160.25,161.29,432700
386,"Jul 5, 2019",169.0,170.25,167.3,167.98,404400
387,"Jul 4, 2019",177.0,177.5,168.5,170.45,1205300
388,"Jul 3, 2019",172.0,176.95,172.0,175.88,1432800
389,"Jul 2, 2019",171.0,173.25,169.0,171.88,1609200
390,"Jul 1, 2019",172.0,172.0,169.05,169.68,541300
391,"Aug 30, 2019",128.1,131.49,123.8,124.54,601800
392,"Aug 29, 2019",132.25,134.2,129.5,130.06,704800
393,"Aug 28, 2019",134.0,138.15,133.0,134.0,1129200
394,"Aug 27, 2019",132.0,134.9,128.85,133.78,1157200
395,"Aug 26, 2019",141.5,141.0,133.97,134.01,907900
396,"Aug 23, 2019",146.01,146.5,140.12,141.02,1146800
397,"Aug 22, 2019",141.2,145.7,141.0,145.26,1572900
398,"Aug 21, 2019",136.98,141.51,131.5,138.77,1862400
399,"Aug 20, 2019",134.49,137.79,132.5,135.5,1568800
400,"Aug 19, 2019",126.25,134.24,126.25,133.78,1148600
401,"Aug 16, 2019",132.0,132.0,127.26,127.85,604200
402,"Aug 9, 2019",135.5,138.01,132.0,133.01,480100
403,"Aug 8, 2019",133.1,137.9,130.12,135.85,940100
404,"Aug 7, 2019",141.0,141.0,134.14,134.2,941000
405,"Aug 6, 2019",143.15,145.0,140.01,141.19,615800
406,"Aug 5, 2019",143.25,144.85,141.61,143.25,184600
407,"Aug 2, 2019",148.9,149.0,143.29,145.7,456300
408,"Aug 1, 2019",151.13,152.0,148.25,148.9,296600
409,"Sep 30, 2019",157.9,159.5,155.5,157.49,1581100
410,"Sep 27, 2019",154.0,156.99,153.53,156.49,1009000
411,"Sep 26, 2019",156.0,156.5,153.0,153.47,1129300
412,"Sep 25, 2019",155.8,163.72,153.2,155.67,6961800
413,"Sep 24, 2019",153.0,156.5,151.5,155.93,1838100
414,"Sep 23, 2019",155.0,160.5,151.11,152.67,5230300
415,"Sep 20, 2019",152.98,154.8,150.3,153.5,3457000
416,"Sep 19, 2019",143.21,149.98,143.21,149.98,3095400
417,"Sep 18, 2019",141.0,144.5,138.11,142.84,1258500
418,"Sep 17, 2019",144.2,144.25,140.05,140.81,938500
419,"Sep 16, 2019",143.5,144.39,140.51,143.68,1415800
420,"Sep 13, 2019",140.37,140.6,138.0,139.55,677400
421,"Sep 12, 2019",136.1,142.4,135.99,140.37,2055700
422,"Sep 11, 2019",134.05,137.8,133.99,136.48,982600
423,"Sep 6, 2019",131.5,135.0,130.01,133.64,294900
424,"Sep 5, 2019",136.0,138.2,132.05,132.71,1031000
425,"Sep 4, 2019",127.9,134.22,127.2,134.0,1139500
426,"Sep 3, 2019",129.99,131.9,126.62,127.83,563800
427,"Sep 2, 2019",126.8,129.99,125.5,128.84,382000
428,"Oct 31, 2019",149.9,154.02,149.0,154.02,3633200
429,"Oct 30, 2019",140.16,146.69,139.0,146.69,2859300
430,"Oct 29, 2019",141.11,142.25,139.0,139.71,1045200
431,"Oct 28, 2019",138.6,141.9,137.0,141.19,1031500
432,"Oct 25, 2019",140.25,141.0,137.0,137.78,778400
433,"Oct 24, 2019",135.8,139.55,135.8,138.96,837300
434,"Oct 23, 2019",136.0,137.5,135.02,135.33,788700
435,"Oct 22, 2019",132.6,135.25,131.0,134.4,984000
436,"Oct 21, 2019",140.0,140.1,133.15,133.31,1763700
437,"Oct 18, 2019",142.01,143.25,139.1,140.15,1126000
438,"Oct 17, 2019",146.0,146.9,141.0,142.13,814200
439,"Oct 16, 2019",143.99,146.7,143.01,145.8,1449700
440,"Oct 15, 2019",176.0,176.46,173.51,174.87,1219300
441,"Oct 14, 2019",175.98,177.3,173.52,174.9,1748400
442,"Oct 11, 2019",174.0,178.0,173.5,175.26,2110200
443,"Oct 10, 2019",174.8,175.4,171.03,173.13,1515200
444,"Oct 9, 2019",172.0,175.25,169.3,173.62,2525900
445,"Oct 8, 2019",177.5,183.45,170.51,171.5,5310500
446,"Oct 7, 2019",169.26,177.26,168.5,177.24,2851900
447,"Oct 4, 2019",166.0,169.49,164.32,168.82,1620100
448,"Oct 3, 2019",161.99,167.4,160.51,165.6,2593000
449,"Oct 2, 2019",159.49,163.0,159.0,162.1,1467300
450,"Oct 1, 2019",157.5,161.0,156.0,159.12,1498900
451,"Nov 29, 2019",184.5,186.8,182.51,183.25,2506400
452,"Nov 28, 2019",176.0,183.6,176.0,182.57,2619300
453,"Nov 27, 2019",177.0,178.0,172.8,175.89,1341400
454,"Nov 26, 2019",182.0,184.0,173.2,175.12,3514900
455,"Nov 25, 2019",184.0,184.9,180.8,182.3,2140900
456,"Nov 22, 2019",175.99,184.0,175.1,183.11,2929500
457,"Nov 21, 2019",189.01,189.01,180.39,180.39,3428700
458,"Nov 20, 2019",191.9,194.9,188.0,189.88,3113600
459,"Nov 19, 2019",188.0,192.4,184.35,190.31,4396900
460,"Nov 18, 2019",180.0,183.34,179.95,183.34,1955400
461,"Nov 15, 2019",170.8,176.5,168.65,174.61,1968300
462,"Nov 14, 2019",173.48,173.48,169.2,170.0,899300
463,"Nov 13, 2019",172.49,174.3,166.6,171.77,2197600
464,"Nov 12, 2019",173.74,175.01,170.51,171.66,1822500
465,"Nov 11, 2019",164.51,171.18,163.74,171.18,2163800
466,"Nov 8, 2019",162.49,165.2,160.6,163.03,1550000
467,"Nov 7, 2019",163.0,163.7,159.74,161.88,2686400
468,"Nov 6, 2019",158.49,160.0,156.07,156.95,1752200
469,"Nov 5, 2019",159.0,159.89,156.0,156.24,1261000
470,"Nov 4, 2019",155.0,159.95,155.0,158.28,1840500
471,"Nov 1, 2019",155.05,158.15,151.5,154.43,2586000
472,"Dec 31, 2019",193.21,193.9,190.35,191.64,1294900
473,"Dec 30, 2019",192.61,195.75,192.05,192.8,2419200
474,"Dec 27, 2019",191.0,193.9,189.81,190.33,3066700
475,"Dec 26, 2019",186.95,191.0,186.66,190.16,2746500
476,"Dec 24, 2019",182.65,187.5,181.75,185.75,3208200
477,"Dec 23, 2019",184.25,187.9,182.11,183.02,2373400
478,"Dec 20, 2019",189.0,190.5,184.25,185.98,4526800
479,"Dec 19, 2019",192.0,193.7,182.6,186.4,3394300
480,"Dec 18, 2019",192.0,194.29,190.0,191.6,2603900
481,"Dec 17, 2019",200.0,201.4,189.7,194.26,4009400
482,"Dec 16, 2019",197.02,201.44,196.9,198.77,4199100
483,"Dec 13, 2019",191.25,197.6,191.25,196.23,1985600
484,"Dec 12, 2019",192.0,193.25,188.7,190.74,1331100
485,"Dec 11, 2019",194.52,197.7,190.51,192.13,1825500
486,"Dec 10, 2019",190.5,194.79,189.1,193.61,1719100
487,"Dec 9, 2019",196.9,197.7,189.02,190.8,2038500
488,"Dec 6, 2019",203.5,203.5,197.0,197.83,1932300
489,"Dec 5, 2019",200.0,206.0,200.0,203.54,4396700
490,"Dec 4, 2019",189.51,198.41,189.5,197.64,6270300
491,"Dec 3, 2019",189.99,192.25,186.7,188.97,3907000
492,"Dec 2, 2019",185.0,188.0,181.0,187.31,2716600
493,"Jan 31, 2020",211.0,212.15,207.06,207.8,1584900
494,"Jan 30, 2020",210.98,210.99,208.5,209.77,1085100
495,"Jan 29, 2020",212.2,213.49,210.01,210.42,1679800
496,"Jan 28, 2020",211.1,212.98,211.0,212.01,739400
497,"Jan 27, 2020",214.5,215.0,211.25,212.92,601100
498,"Jan 24, 2020",212.0,214.2,209.98,213.41,1989500
499,"Jan 23, 2020",215.0,215.68,211.5,212.22,1345100
500,"Jan 22, 2020",216.0,216.48,210.5,213.56,1992100
501,"Jan 21, 2020",218.79,219.9,214.0,216.1,3973700
502,"Jan 20, 2020",216.0,217.94,213.05,214.34,2350500
503,"Jan 17, 2020",212.99,218.5,212.25,216.07,3040100
504,"Jan 16, 2020",214.11,214.74,212.0,212.49,1567500
505,"Jan 15, 2020",216.0,217.33,211.6,213.78,2018200
506,"Jan 14, 2020",218.9,218.9,215.0,215.93,1963700
507,"Jan 13, 2020",214.5,218.3,210.02,216.54,4659500
508,"Jan 10, 2020",216.9,216.9,213.0,214.72,3653700
509,"Jan 9, 2020",214.4,217.74,212.75,216.85,5956100
510,"Jan 8, 2020",205.0,215.35,204.1,207.62,8739800
511,"Jan 7, 2020",204.25,210.32,204.01,209.67,6234800
512,"Jan 6, 2020",202.3,204.98,199.5,200.31,5488000
513,"Jan 3, 2020",209.5,211.0,205.1,207.17,5846000
514,"Jan 2, 2020",197.0,205.27,195.5,205.27,7401700
515,"Jan 1, 2020",192.6,196.4,191.45,195.5,1274300
516,"Feb 28, 2020",166.0,169.98,164.0,164.87,2248900
517,"Feb 27, 2020",164.0,167.7,162.0,166.94,2919300
518,"Feb 26, 2020",175.4,175.4,168.01,169.32,4005900
519,"Feb 25, 2020",173.7,177.0,173.5,174.85,1644400
520,"Feb 24, 2020",181.25,181.25,173.51,174.24,1541000
521,"Feb 21, 2020",181.55,183.75,181.06,181.97,684900
522,"Feb 20, 2020",184.99,185.0,180.8,181.66,922000
523,"Feb 19, 2020",183.49,184.6,182.63,183.61,1190400
524,"Feb 18, 2020",193.34,193.69,180.52,182.3,4612500
525,"Feb 17, 2020",190.0,192.8,188.11,191.72,1052100
526,"Feb 14, 2020",190.33,194.4,187.64,188.46,1667200
527,"Feb 13, 2020",196.0,196.0,189.0,190.93,907800
528,"Feb 12, 2020",190.25,195.5,190.05,193.83,1487700
529,"Feb 11, 2020",185.0,191.0,182.9,188.82,1964600
530,"Feb 10, 2020",190.1,190.1,182.0,182.82,2464000
531,"Feb 7, 2020",202.0,202.0,190.51,191.78,1804200
532,"Feb 6, 2020",207.85,207.99,200.11,200.75,1241000
533,"Feb 4, 2020",203.9,206.5,201.0,205.58,1750600
534,"Feb 3, 2020",204.0,204.99,199.0,202.45,3027900
535,"Mar 31, 2020",116.5,123.3,115.9,121.5,1425063
536,"Mar 30, 2020",112.9,115.75,109.0,115.18,683816
537,"Mar 27, 2020",112.01,115.3,111.4,114.47,754502
538,"Mar 26, 2020",116.5,121.0,113.0,113.98,1029274
539,"Mar 25, 2020",129.99,129.99,116.23,116.37,1676736
540,"Mar 24, 2020",125.65,125.65,125.65,125.65,326201
541,"Mar 20, 2020",137.75,139.97,131.55,135.83,1840400
542,"Mar 19, 2020",123.19,137.9,123.19,131.86,4048400
543,"Mar 18, 2020",140.0,144.9,133.17,133.17,1934300
544,"Mar 17, 2020",148.0,152.0,140.16,143.96,1774800
545,"Mar 16, 2020",154.01,155.8,146.61,146.83,1257300
546,"Mar 13, 2020",147.0,160.0,143.0,158.49,2554600
547,"Mar 12, 2020",155.5,157.5,150.11,151.7,1371100
548,"Mar 11, 2020",166.24,168.7,159.7,161.13,2634200
549,"Mar 10, 2020",155.0,163.95,155.0,163.95,3136500
550,"Mar 9, 2020",153.23,153.23,153.23,153.23,516200
551,"Mar 6, 2020",170.0,170.9,164.0,164.76,1768000
552,"Mar 5, 2020",171.0,176.84,170.3,173.54,3855500
553,"Mar 4, 2020",169.89,172.27,167.55,168.56,997700
554,"Mar 3, 2020",175.0,176.39,168.63,169.99,1867200
555,"Mar 2, 2020",166.0,172.99,166.0,172.33,1883700
556,"Apr 30, 2020",148.0,155.0,148.0,154.42,3639497
557,"Apr 29, 2020",146.6,148.25,140.15,144.56,2376571
558,"Apr 28, 2020",138.9,145.5,138.5,144.93,1168887
559,"Apr 27, 2020",142.93,142.93,138.56,140.57,1015141
560,"Apr 24, 2020",148.7,148.7,143.5,143.94,957570
561,"Apr 23, 2020",145.9,148.01,143.0,147.29,2448443
562,"Apr 22, 2020",134.9,141.98,133.9,140.37,1557782
563,"Apr 21, 2020",144.1,146.85,139.0,139.21,2008662
564,"Apr 20, 2020",155.73,155.73,147.0,150.26,3417357
565,"Apr 17, 2020",144.87,144.87,142.99,144.87,1812540
566,"Apr 16, 2020",133.1,136.3,132.77,134.77,659356
567,"Apr 15, 2020",134.0,136.99,132.03,133.77,1242334
568,"Apr 14, 2020",133.01,135.61,132.0,133.89,948142
569,"Apr 13, 2020",142.0,142.5,131.75,133.38,2160516
570,"Apr 10, 2020",139.0,142.0,137.05,141.26,1956309
571,"Apr 9, 2020",137.0,143.0,135.7,141.92,2854725
572,"Apr 8, 2020",132.9,134.49,131.0,133.27,1146721
573,"Apr 7, 2020",133.5,135.7,131.01,134.02,1769437
574,"Apr 6, 2020",140.0,140.0,130.7,131.89,2029266
575,"Apr 3, 2020",135.0,139.04,134.0,138.4,2294440
576,"Apr 2, 2020",122.0,129.34,121.01,129.34,1614143
577,"Apr 1, 2020",120.7,124.39,117.99,120.32,1667013
578,"May 29, 2020",160.0,161.9,157.6,158.36,564312
579,"May 28, 2020",160.49,161.0,159.0,159.96,667435
580,"May 21, 2020",163.0,163.9,160.62,161.23,450347
581,"May 20, 2020",163.99,166.5,161.62,162.64,2041337
582,"May 19, 2020",162.5,164.6,161.5,162.01,1717534
583,"May 18, 2020",166.0,167.0,160.26,161.23,1394776
584,"May 15, 2020",163.5,164.0,161.55,162.89,837029
585,"May 14, 2020",162.8,163.0,160.6,161.95,517157
586,"May 13, 2020",160.5,163.89,159.59,162.12,969934
587,"May 12, 2020",159.0,160.49,157.7,159.55,409506
588,"May 11, 2020",162.0,162.0,157.5,158.4,477701
589,"May 8, 2020",160.0,161.0,158.51,160.11,579988
590,"May 7, 2020",160.1,161.74,158.4,158.89,889613
591,"May 6, 2020",165.75,165.75,161.01,162.11,1453825
592,"May 5, 2020",162.6,163.9,159.2,161.98,2082273
593,"May 4, 2020",152.4,160.97,151.0,157.02,3044908
594,"Jun 30, 2020",157.01,159.75,156.05,158.16,2890666
595,"Jun 29, 2020",151.0,157.97,150.51,156.58,3424132
596,"Jun 26, 2020",148.49,148.9,147.5,148.5,1248445
597,"Jun 25, 2020",146.88,146.99,145.2,145.88,779352
598,"Jun 24, 2020",148.0,150.7,147.0,147.73,1375883
599,"Jun 23, 2020",145.0,148.4,144.5,147.54,1262432
600,"Jun 22, 2020",144.64,145.3,140.15,143.92,1117870
601,"Jun 19, 2020",147.06,148.45,143.5,144.3,559668
602,"Jun 18, 2020",149.25,151.11,146.17,146.68,736583
603,"Jun 17, 2020",151.11,153.44,148.75,149.5,771366
604,"Jun 16, 2020",149.49,151.8,146.25,150.93,927884
605,"Jun 15, 2020",155.0,155.0,147.15,147.93,1143333
606,"Jun 12, 2020",154.1,156.5,154.03,155.76,624699
607,"Jun 11, 2020",159.75,159.75,156.2,156.68,834169
608,"Jun 10, 2020",158.25,159.0,157.3,158.76,755352
609,"Jun 9, 2020",157.52,158.0,156.9,157.66,472537
610,"Jun 8, 2020",159.9,159.99,157.4,158.72,1337080
611,"Jun 5, 2020",156.22,156.5,154.68,155.4,496112
612,"Jun 4, 2020",157.49,158.33,156.0,156.14,560278
613,"Jun 3, 2020",158.0,159.9,156.5,157.35,1281463
614,"Jun 2, 2020",156.75,157.7,155.55,155.79,723286
615,"Jun 1, 2020",159.0,159.5,155.81,156.66,686646
616,"Jul 30, 2020",179.0,181.99,176.5,180.91,2483784
617,"Jul 29, 2020",178.0,181.35,176.25,177.9,2875853
618,"Jul 28, 2020",175.49,177.45,174.6,175.11,1014174
619,"Jul 27, 2020",174.37,176.7,172.99,175.27,991349
620,"Jul 24, 2020",175.11,176.0,173.5,174.37,920502
621,"Jul 23, 2020",181.9,182.5,175.62,176.7,1884574
622,"Jul 22, 2020",176.99,182.49,176.5,178.86,5699176
623,"Jul 21, 2020",173.05,176.25,168.82,175.0,4469520
624,"Jul 20, 2020",172.5,176.4,171.06,171.89,2829186
625,"Jul 17, 2020",171.7,172.45,170.02,170.61,971406
626,"Jul 16, 2020",169.25,172.5,169.25,170.27,975774
627,"Jul 15, 2020",170.75,171.6,168.0,168.88,801624
628,"Jul 14, 2020",173.99,174.9,169.0,169.77,1771451
629,"Jul 13, 2020",164.75,175.0,164.75,173.7,4318065
630,"Jul 10, 2020",166.0,166.0,164.05,164.69,430914
631,"Jul 9, 2020",166.51,167.57,164.51,166.67,1700472
632,"Jul 8, 2020",163.11,165.5,163.11,164.89,899781
633,"Jul 7, 2020",163.25,164.9,163.25,163.62,736812
634,"Jul 6, 2020",160.8,163.44,159.5,162.78,983826
635,"Jul 3, 2020",160.3,161.1,158.5,159.35,424749
636,"Jul 2, 2020",164.5,164.95,159.99,160.81,1212524
637,"Jul 1, 2020",155.5,165.0,155.25,162.21,2252597
638,"Aug 31, 2020",192.48,192.5,190.01,191.89,1237668
639,"Aug 28, 2020",192.45,192.45,189.05,189.49,557614
640,"Aug 27, 2020",191.4,193.2,190.7,191.43,1959635
641,"Aug 26, 2020",193.3,193.47,191.01,191.4,1853454
642,"Aug 25, 2020",190.51,193.11,189.01,190.78,2420442
643,"Aug 24, 2020",185.0,190.25,185.0,189.15,1556612
644,"Aug 21, 2020",191.01,192.7,183.99,186.52,3743485
645,"Aug 20, 2020",191.25,194.99,190.0,191.28,2554059
646,"Aug 19, 2020",194.4,194.75,190.51,191.1,1599963
647,"Aug 18, 2020",196.49,197.0,191.5,192.18,1990746
648,"Aug 17, 2020",185.51,197.0,185.51,195.3,7637592
649,"Aug 13, 2020",185.75,185.75,182.9,184.99,1036716
650,"Aug 12, 2020",190.1,190.52,184.01,184.96,2096321
651,"Aug 11, 2020",186.05,190.0,184.6,187.98,4152665
652,"Aug 10, 2020",183.0,185.25,182.0,183.86,1580625
653,"Aug 7, 2020",182.01,183.99,179.11,181.15,1273706
654,"Aug 6, 2020",184.4,186.5,182.5,183.18,1961343
655,"Aug 5, 2020",181.0,183.74,179.11,182.48,1368237
656,"Aug 4, 2020",186.02,187.7,175.51,180.27,3922264
657,"Aug 3, 2020",183.0,187.5,182.0,185.83,4817113
658,"Sep 30, 2020",206.15,207.75,199.05,200.2,3352538
659,"Sep 29, 2020",201.51,206.9,196.0,205.33,4103864
660,"Sep 28, 2020",204.99,205.75,201.0,202.43,938289
661,"Sep 25, 2020",206.0,208.9,203.15,204.77,1633609
662,"Sep 24, 2020",202.51,207.48,199.75,205.62,1962390
663,"Sep 23, 2020",202.5,203.5,200.15,202.6,1086802
664,"Sep 22, 2020",204.49,205.0,199.01,201.77,1148023
665,"Sep 21, 2020",207.1,207.99,203.75,204.3,677744
666,"Sep 18, 2020",207.5,207.99,204.8,207.22,606303
667,"Sep 17, 2020",206.0,208.98,205.15,206.01,1583695
668,"Sep 16, 2020",207.24,207.88,202.55,203.35,1089896
669,"Sep 15, 2020",208.5,209.8,205.25,206.08,2897224
670,"Sep 14, 2020",205.0,209.0,199.1,206.99,4876112
671,"Sep 11, 2020",203.0,205.4,201.01,203.47,2196793
672,"Sep 10, 2020",195.99,205.9,195.0,202.13,9336085
673,"Sep 9, 2020",197.0,197.0,192.75,194.29,2070007
674,"Sep 8, 2020",195.0,200.1,193.21,196.68,3445610
675,"Sep 7, 2020",195.0,198.0,193.51,195.41,1754841
676,"Sep 4, 2020",197.0,198.5,194.01,195.17,2302008
677,"Sep 3, 2020",196.75,201.49,196.75,197.39,5210422
678,"Sep 2, 2020",192.0,198.25,191.5,196.09,5667660
679,"Sep 1, 2020",188.0,191.1,187.02,190.69,2404791
680,"Oct 29, 2020",202.51,202.52,190.01,196.41,2901833
681,"Oct 28, 2020",206.0,209.9,203.5,205.24,1152901
682,"Oct 27, 2020",213.5,218.0,205.85,206.09,5503300
683,"Oct 26, 2020",206.6,214.0,206.6,213.05,1711461
684,"Oct 23, 2020",206.5,210.0,206.5,207.84,638289
685,"Oct 22, 2020",210.5,212.0,206.5,207.36,568239
686,"Oct 21, 2020",213.0,213.95,209.01,210.15,1530100
687,"Oct 20, 2020",207.02,214.39,207.02,211.68,3370778
688,"Oct 19, 2020",206.9,209.0,205.2,207.12,897648
689,"Oct 16, 2020",204.5,207.7,203.11,206.97,611498
690,"Oct 15, 2020",207.39,208.89,205.0,205.24,731252
691,"Oct 14, 2020",206.25,208.9,204.19,206.7,1835137
692,"Oct 13, 2020",205.55,208.95,204.5,206.97,2259721
693,"Oct 12, 2020",207.8,211.4,205.02,205.95,3999261
694,"Oct 9, 2020",208.25,209.9,205.25,208.51,3059913
695,"Oct 8, 2020",199.0,209.0,198.12,207.9,4496820
696,"Oct 7, 2020",195.0,199.0,193.1,198.19,751585
697,"Oct 6, 2020",195.0,197.0,189.51,193.41,1596853
698,"Oct 5, 2020",192.51,197.5,190.51,193.06,2125978
699,"Oct 2, 2020",201.0,202.0,192.51,194.48,985616
700,"Oct 1, 2020",202.0,202.39,195.5,200.85,1190063
701,"Nov 30, 2020",193.0,200.99,193.0,200.26,1905139
702,"Nov 27, 2020",194.01,194.01,191.5,192.06,342126
703,"Nov 26, 2020",195.0,196.5,193.2,194.05,716440
704,"Nov 25, 2020",190.6,194.0,189.5,192.66,862541
705,"Nov 24, 2020",187.99,189.0,186.5,187.96,465272
706,"Nov 23, 2020",191.0,191.17,184.19,186.32,652727
707,"Nov 20, 2020",194.99,194.99,191.2,191.66,317936
708,"Nov 19, 2020",194.85,195.5,193.19,193.65,234578
709,"Nov 18, 2020",196.0,196.0,192.5,193.17,378779
710,"Nov 17, 2020",196.89,198.0,195.7,196.1,188153
711,"Nov 16, 2020",194.2,196.95,193.1,195.2,210088
712,"Nov 13, 2020",197.05,198.48,193.5,194.37,781038
713,"Nov 12, 2020",203.11,203.11,197.01,197.86,696648
714,"Nov 11, 2020",205.79,205.94,202.25,203.83,317377
715,"Nov 10, 2020",209.0,209.1,204.1,204.5,870498
716,"Nov 9, 2020",202.27,205.0,201.8,202.19,462902
717,"Nov 6, 2020",205.9,205.9,200.51,201.45,570393
718,"Nov 5, 2020",203.0,205.51,202.75,205.0,1252552
719,"Nov 4, 2020",204.0,204.97,197.0,198.14,1039620
720,"Nov 3, 2020",195.01,203.0,194.17,201.69,1598604
721,"Nov 2, 2020",194.0,195.99,189.0,192.67,1611330
722,"Dec 31, 2020",217.55,217.99,214.5,215.3,391129
723,"Dec 30, 2020",214.45,218.25,214.05,216.8,1288179
724,"Dec 29, 2020",221.0,222.5,212.7,213.84,3319034
725,"Dec 28, 2020",217.0,218.9,214.75,218.02,2096775
726,"Dec 24, 2020",218.0,220.0,214.0,215.07,2781288
727,"Dec 23, 2020",216.5,221.45,215.7,216.44,3728014
728,"Dec 22, 2020",213.05,221.99,213.0,215.4,4819763
729,"Dec 21, 2020",214.15,218.75,212.51,213.81,2716261
730,"Dec 18, 2020",208.1,216.47,205.83,213.27,4654552
731,"Dec 17, 2020",205.99,207.82,204.5,207.39,608562
732,"Dec 16, 2020",205.99,207.5,204.2,204.9,473469
733,"Dec 15, 2020",208.0,210.0,204.11,205.05,1203061
734,"Dec 14, 2020",201.5,207.6,201.5,206.53,1396176
735,"Dec 11, 2020",201.95,202.5,199.26,200.3,1556849
736,"Dec 10, 2020",200.5,200.5,199.0,199.2,969307
737,"Dec 9, 2020",199.76,202.5,199.2,199.66,1152184
738,"Dec 8, 2020",203.01,203.01,199.0,199.25,837067
739,"Dec 7, 2020",204.95,204.95,200.7,202.07,298652
740,"Dec 4, 2020",205.55,207.77,203.19,203.76,355926
741,"Dec 3, 2020",202.7,209.0,202.7,205.24,1190990
742,"Dec 2, 2020",200.5,203.5,199.25,202.71,626007
743,"Dec 1, 2020",199.9,202.0,198.05,201.4,606621
744,"Jan 29, 2021",240.0,245.2,238.2,242.99,1845925
745,"Jan 28, 2021",243.9,244.0,239.0,239.89,1260114
746,"Jan 27, 2021",246.11,248.19,243.5,244.3,2987294
747,"Jan 26, 2021",238.0,244.5,238.0,243.36,2470402
748,"Jan 25, 2021",236.0,239.5,235.9,238.05,789116
749,"Jan 22, 2021",238.0,241.95,235.6,236.16,1241639
750,"Jan 21, 2021",237.05,239.88,236.02,237.46,592685
751,"Jan 20, 2021",235.51,238.5,232.3,237.3,1057533
752,"Jan 19, 2021",232.71,239.0,232.0,236.42,1243674
753,"Jan 18, 2021",238.0,238.0,232.9,233.91,690252
754,"Jan 15, 2021",239.9,240.15,236.5,237.69,838938
755,"Jan 14, 2021",237.51,240.0,235.75,238.91,821222
756,"Jan 13, 2021",239.99,240.3,237.0,237.84,725588
757,"Jan 12, 2021",237.5,239.5,236.0,237.95,653753
758,"Jan 11, 2021",242.01,242.75,235.51,236.68,1175450
759,"Jan 8, 2021",242.0,242.1,237.01,237.9,1176857
760,"Jan 7, 2021",250.4,251.0,240.0,240.93,2053268
761,"Jan 6, 2021",248.0,251.75,243.1,249.38,4140501
762,"Jan 5, 2021",244.95,246.6,237.25,244.0,3858455
763,"Jan 4, 2021",248.79,248.79,239.06,247.93,8433479
764,"Jan 1, 2021",215.99,231.44,215.99,231.44,3552844
765,"Feb 26, 2021",238.1,239.9,233.6,236.63,1472174
766,"Feb 25, 2021",237.1,239.0,236.75,238.13,362331
767,"Feb 24, 2021",239.49,239.59,233.0,234.63,808383
768,"Feb 23, 2021",244.0,244.17,239.0,239.58,545453
769,"Feb 22, 2021",245.01,247.0,242.0,242.42,864719
770,"Feb 19, 2021",247.98,250.0,243.19,245.2,604327
771,"Feb 18, 2021",254.01,254.01,245.19,246.75,2508964
772,"Feb 17, 2021",258.0,261.5,255.11,257.4,3058074
773,"Feb 16, 2021",250.89,257.45,250.89,252.56,2518279
774,"Feb 15, 2021",251.0,254.8,249.8,251.96,1215684
775,"Feb 12, 2021",250.05,254.5,247.5,248.96,994354
776,"Feb 11, 2021",259.1,261.0,249.0,250.88,2088939
777,"Feb 10, 2021",259.0,262.0,257.5,259.32,2525152
778,"Feb 9, 2021",256.0,260.99,255.0,257.46,3822854
779,"Feb 8, 2021",255.0,257.0,249.19,253.42,3929329
780,"Feb 4, 2021",255.5,257.5,249.5,252.81,3836066
781,"Feb 3, 2021",256.0,258.75,248.6,253.17,3344002
782,"Feb 2, 2021",241.0,258.24,239.2,253.73,8596568
783,"Feb 1, 2021",246.0,246.1,238.21,240.23,1107290
784,"Mar 31, 2021",228.6,236.5,228.6,230.63,1945617
785,"Mar 30, 2021",227.95,232.49,226.1,227.84,448301
786,"Mar 29, 2021",236.99,237.5,226.0,229.07,782778
787,"Mar 26, 2021",240.99,240.99,236.0,236.71,427778
788,"Mar 25, 2021",244.1,245.98,239.32,241.52,572057
789,"Mar 24, 2021",239.51,247.13,237.2,242.9,899233
790,"Mar 22, 2021",234.5,244.73,230.0,242.32,2092507
791,"Mar 19, 2021",227.0,234.2,225.0,233.5,609876
792,"Mar 18, 2021",233.96,234.59,225.0,226.94,434065
793,"Mar 17, 2021",234.5,237.29,232.3,233.97,599715
794,"Mar 16, 2021",236.0,236.0,230.2,232.23,482204
795,"Mar 15, 2021",225.05,236.49,223.11,235.69,944838
796,"Mar 12, 2021",215.0,223.75,212.47,221.28,812843
797,"Mar 11, 2021",220.25,224.47,215.0,217.47,1378091
798,"Mar 10, 2021",227.45,228.57,221.0,221.84,566874
799,"Mar 9, 2021",235.47,236.0,224.85,226.31,590807
800,"Mar 8, 2021",243.95,244.56,232.7,234.24,959937
801,"Mar 5, 2021",237.0,242.0,235.02,238.83,524016
802,"Mar 4, 2021",234.0,240.54,233.71,236.15,777305
803,"Mar 3, 2021",242.98,244.5,240.01,241.7,444040
804,"Mar 2, 2021",235.0,244.25,235.0,240.39,1949369
805,"Mar 1, 2021",237.0,238.0,229.0,233.98,598982
806,"Apr 30, 2021",217.02,218.0,211.15,212.24,464658
807,"Apr 29, 2021",214.9,223.4,214.9,216.46,1194360
808,"Apr 28, 2021",216.5,222.5,214.15,215.25,815961
809,"Apr 27, 2021",221.51,222.01,214.05,215.37,732651
810,"Apr 26, 2021",210.5,229.2,208.01,223.51,1816013
811,"Apr 23, 2021",214.5,214.5,210.5,213.21,445386
812,"Apr 22, 2021",214.56,221.06,214.3,215.09,862221
813,"Apr 21, 2021",218.0,220.0,215.01,215.86,359967
814,"Apr 20, 2021",220.49,220.99,216.55,217.31,450036
815,"Apr 19, 2021",218.01,220.6,216.52,217.67,382648
816,"Apr 16, 2021",221.55,223.8,220.25,220.91,148195
817,"Apr 15, 2021",224.51,225.88,221.0,221.61,482849
818,"Apr 14, 2021",220.98,223.0,220.17,222.33,314043
819,"Apr 13, 2021",221.98,221.98,219.55,220.5,397890
820,"Apr 12, 2021",225.13,226.37,220.99,221.26,376282
821,"Apr 9, 2021",228.0,228.2,225.1,226.37,436947
822,"Apr 8, 2021",221.99,226.98,221.45,225.73,338498
823,"Apr 7, 2021",228.75,228.75,220.0,221.44,554292
824,"Apr 6, 2021",222.0,228.4,221.73,227.01,657662
825,"Apr 5, 2021",228.25,228.25,221.5,221.87,351202
826,"Apr 2, 2021",229.99,230.5,225.01,226.36,240616
827,"Apr 1, 2021",230.63,233.0,225.0,226.77,285398
828,"May 31, 2021",234.0,241.0,233.5,240.11,3896698
829,"May 28, 2021",227.0,232.99,226.93,231.69,3146827
830,"May 27, 2021",230.61,233.01,225.5,227.21,1922386
831,"May 26, 2021",226.5,230.0,225.1,228.65,2375909
832,"May 25, 2021",227.45,228.49,224.45,225.21,1031078
833,"May 24, 2021",229.34,230.8,226.15,226.92,286900
834,"May 21, 2021",225.1,230.3,224.99,229.34,765532
835,"May 20, 2021",226.51,227.98,225.0,225.36,408768
836,"May 19, 2021",232.8,232.8,226.0,226.46,1068975
837,"May 18, 2021",221.89,233.01,219.99,231.0,3726803
838,"May 17, 2021",223.5,224.8,219.81,220.79,1028596
839,"May 6, 2021",224.0,225.0,220.5,221.69,846694
840,"May 5, 2021",220.0,224.0,217.5,221.18,1190131
841,"May 4, 2021",213.0,215.85,213.0,214.36,275784
842,"May 3, 2021",212.9,214.9,211.0,213.15,546282
843,"Jun 30, 2021",223.2,225.88,220.81,224.25,1048507
844,"Jun 29, 2021",221.1,225.2,220.98,221.82,818098
845,"Jun 28, 2021",224.4,224.8,220.0,220.68,4588746
846,"Jun 25, 2021",228.99,229.1,223.52,224.4,1098470
847,"Jun 24, 2021",225.99,228.99,225.6,227.35,530214
848,"Jun 23, 2021",228.1,229.48,225.0,225.86,1232807
849,"Jun 22, 2021",229.5,231.45,227.25,228.07,1035031
850,"Jun 21, 2021",232.99,233.5,228.0,229.11,660225
851,"Jun 18, 2021",232.66,234.4,231.0,233.49,1779605
852,"Jun 17, 2021",234.0,235.85,232.2,232.66,636617
853,"Jun 16, 2021",238.0,239.5,234.0,234.88,1811010
854,"Jun 15, 2021",235.0,240.7,234.0,236.52,2379998
855,"Jun 14, 2021",237.75,237.79,232.32,234.27,1640245
856,"Jun 11, 2021",236.0,238.87,232.25,232.79,1080036
857,"Jun 10, 2021",232.79,237.1,231.81,235.18,1099462
858,"Jun 9, 2021",236.75,237.5,231.25,232.03,1261588
859,"Jun 8, 2021",239.1,240.5,234.11,235.76,1648975
860,"Jun 7, 2021",248.0,248.74,239.51,240.64,2819175
861,"Jun 4, 2021",244.48,245.5,242.05,243.04,2438321
862,"Jun 3, 2021",245.0,246.9,242.27,243.17,4500280
863,"Jun 2, 2021",239.0,241.88,236.0,240.7,2581553
864,"Jun 1, 2021",242.0,242.49,236.8,238.09,1614510
865,"Jul 30, 2021",220.49,225.0,216.51,220.84,611132
866,"Jul 29, 2021",219.98,222.98,216.0,220.09,597756
867,"Jul 28, 2021",223.0,223.4,218.1,219.59,525890
868,"Jul 27, 2021",226.0,226.0,211.11,220.19,710689
869,"Jul 26, 2021",226.0,227.24,224.5,225.61,551459
870,"Jul 23, 2021",227.0,227.99,224.9,225.22,328892
871,"Jul 19, 2021",228.9,229.0,225.75,227.19,383606
872,"Jul 16, 2021",229.0,230.79,228.0,228.11,527768
873,"Jul 15, 2021",226.06,231.0,226.06,229.4,1206603
874,"Jul 14, 2021",225.05,227.1,225.01,226.73,402559
875,"Jul 13, 2021",226.4,226.69,224.25,224.89,257872
876,"Jul 12, 2021",227.99,229.0,226.0,226.18,285749
877,"Jul 9, 2021",230.2,231.69,226.0,227.96,807934
878,"Jul 8, 2021",226.99,230.75,226.5,230.07,1647015
879,"Jul 7, 2021",227.0,227.0,224.0,225.84,675890
880,"Jul 6, 2021",223.3,228.5,223.15,226.14,1345807
881,"Jul 5, 2021",223.5,225.9,222.5,223.16,3538422
882,"Jul 2, 2021",226.39,227.0,223.7,224.14,476989
883,"Jul 1, 2021",224.25,227.3,224.24,225.41,706794
884,"Aug 31, 2021",217.6,219.5,216.0,216.62,294496
885,"Aug 30, 2021",216.5,219.99,216.0,217.87,746275
886,"Aug 27, 2021",218.0,218.81,215.01,216.95,731273
887,"Aug 26, 2021",221.01,221.75,217.56,217.86,500853
888,"Aug 25, 2021",222.76,224.3,220.2,220.71,620371
889,"Aug 24, 2021",227.55,228.8,222.15,222.99,3432799
890,"Aug 23, 2021",228.2,232.89,225.85,231.3,3228383
891,"Aug 20, 2021",220.99,226.9,220.2,225.85,1150578
892,"Aug 17, 2021",215.26,221.0,215.26,219.68,508625
893,"Aug 16, 2021",214.5,217.55,213.25,215.14,397206
894,"Aug 13, 2021",215.89,215.89,214.0,214.32,489646
895,"Aug 12, 2021",219.05,219.99,214.51,215.27,607670
896,"Aug 11, 2021",218.07,221.0,217.25,218.6,741270
897,"Aug 10, 2021",219.01,220.2,217.01,217.94,226856
898,"Aug 9, 2021",221.0,221.9,218.5,219.08,402948
899,"Aug 6, 2021",222.0,223.19,220.5,220.67,111174
900,"Aug 5, 2021",223.49,223.75,221.41,221.75,117881
901,"Aug 4, 2021",224.9,226.0,222.5,223.14,454804
902,"Aug 3, 2021",221.25,224.85,221.25,224.22,755664
903,"Aug 2, 2021",219.99,222.75,218.5,221.35,621948
904,"Sep 30, 2021",194.99,203.0,194.01,200.99,1158987
905,"Sep 29, 2021",198.85,199.0,193.51,195.51,787079
906,"Sep 28, 2021",197.0,202.0,195.45,199.59,495924
907,"Sep 27, 2021",197.52,200.95,191.0,195.45,722958
908,"Sep 24, 2021",199.99,202.49,196.8,198.62,577735
909,"Sep 23, 2021",203.01,204.5,198.0,200.14,332474
910,"Sep 22, 2021",204.73,204.99,197.0,202.18,804947
911,"Sep 21, 2021",206.0,208.0,203.0,204.32,428633
912,"Sep 20, 2021",208.0,208.0,204.5,205.95,208407
913,"Sep 17, 2021",212.9,212.9,206.5,207.87,617453
914,"Sep 16, 2021",213.45,214.08,211.11,212.31,234340
915,"Sep 15, 2021",214.11,214.9,210.74,212.15,283946
916,"Sep 14, 2021",216.5,217.0,211.15,213.87,520390
917,"Sep 13, 2021",215.0,218.9,214.5,216.33,492097
918,"Sep 10, 2021",213.0,215.7,213.0,214.17,211983
919,"Sep 9, 2021",214.0,215.0,213.06,213.81,121798
920,"Sep 8, 2021",213.02,213.99,212.5,212.91,494199
921,"Sep 7, 2021",215.1,216.0,211.75,213.0,579993
922,"Sep 6, 2021",214.97,216.89,214.41,215.67,382961
923,"Sep 3, 2021",216.3,217.0,214.41,215.13,334152
924,"Sep 2, 2021",217.28,218.18,215.01,216.2,526249
925,"Sep 1, 2021",217.51,218.68,217.35,218.08,342156
926,"Oct 29, 2021",191.5,191.5,189.0,190.31,278370
927,"Oct 28, 2021",187.51,194.95,186.8,190.93,1168328
928,"Oct 27, 2021",185.2,190.2,184.0,186.34,809602
929,"Oct 26, 2021",184.99,184.99,182.0,182.66,151015
930,"Oct 25, 2021",183.01,186.0,182.11,184.72,162970
931,"Oct 22, 2021",190.35,190.49,183.6,184.78,698277
932,"Oct 21, 2021",190.47,192.2,189.25,190.39,499391
933,"Oct 20, 2021",187.5,192.4,187.5,189.56,506769
934,"Oct 18, 2021",187.3,193.53,187.01,187.86,787815
935,"Oct 15, 2021",188.99,192.0,185.81,190.02,427290
936,"Oct 14, 2021",182.0,190.0,179.02,187.46,412007
937,"Oct 13, 2021",187.0,187.9,178.0,182.7,504402
938,"Oct 12, 2021",192.01,196.0,188.11,194.31,889337
939,"Oct 11, 2021",196.0,197.0,192.9,193.24,351818
940,"Oct 8, 2021",198.0,199.0,196.4,197.03,138660
941,"Oct 7, 2021",197.5,200.25,197.5,198.52,114698
942,"Oct 6, 2021",200.0,200.99,198.0,198.68,117627
943,"Oct 5, 2021",200.01,201.7,199.0,199.95,143874
944,"Oct 4, 2021",197.9,201.6,196.0,200.38,502445
945,"Oct 1, 2021",202.99,202.99,198.0,198.5,974301
946,"Nov 30, 2021",178.8,184.0,175.0,179.5,7106828
947,"Nov 29, 2021",164.7,177.37,162.26,176.46,1940503
948,"Nov 26, 2021",165.59,167.99,160.1,165.0,2615394
949,"Nov 25, 2021",168.9,169.5,160.1,164.09,1891318
950,"Nov 24, 2021",173.91,176.4,166.0,167.29,2737292
951,"Nov 23, 2021",179.19,180.99,173.0,173.52,915247
952,"Nov 22, 2021",180.99,180.99,178.1,178.83,835628
953,"Nov 19, 2021",182.4,182.99,180.5,181.03,378742
954,"Nov 18, 2021",181.3,183.0,180.0,181.4,493243
955,"Nov 17, 2021",185.9,185.9,181.71,182.25,274896
956,"Nov 16, 2021",183.8,186.65,180.0,186.03,469007
957,"Nov 15, 2021",183.0,183.5,181.1,182.17,162269
958,"Nov 12, 2021",185.01,186.0,182.51,183.72,253856
959,"Nov 11, 2021",188.0,190.48,185.15,185.94,236088
960,"Nov 10, 2021",188.55,190.67,188.0,188.8,361509
961,"Nov 9, 2021",191.57,192.35,187.75,188.34,543304
962,"Nov 8, 2021",194.34,194.34,191.0,191.52,278698
963,"Nov 5, 2021",195.0,195.8,192.5,193.5,539160
964,"Nov 4, 2021",193.5,195.0,191.5,192.46,335843
965,"Nov 3, 2021",196.5,198.0,191.01,192.2,753617
966,"Nov 2, 2021",196.0,198.94,195.06,196.47,630051
967,"Nov 1, 2021",191.0,197.7,191.0,195.53,866589
968,"Dec 31, 2021",181.0,184.48,180.0,181.89,1330642
969,"Dec 30, 2021",181.25,184.2,179.51,180.66,842211
970,"Dec 29, 2021",177.98,185.0,176.75,182.81,1532318
971,"Dec 28, 2021",177.12,180.0,177.0,178.03,297119
972,"Dec 27, 2021",178.2,179.49,175.63,177.83,343240
973,"Dec 24, 2021",178.1,179.95,177.1,177.59,133968
974,"Dec 23, 2021",179.08,180.9,177.91,178.31,359953
975,"Dec 22, 2021",179.17,180.25,177.81,178.16,327167
976,"Dec 21, 2021",183.4,184.0,178.52,179.17,489513
977,"Dec 20, 2021",180.0,183.12,179.3,182.59,397366
978,"Dec 17, 2021",180.8,183.5,177.0,180.85,442337
979,"Dec 16, 2021",185.79,185.79,177.1,180.04,1566457
980,"Dec 15, 2021",178.0,188.1,175.92,185.79,2308008
981,"Dec 14, 2021",174.7,176.57,173.02,175.92,170250
982,"Dec 13, 2021",176.63,179.94,172.11,174.6,535435
983,"Dec 10, 2021",179.0,179.0,176.01,177.25,185668
984,"Dec 9, 2021",177.99,181.4,176.58,178.17,992350
985,"Dec 8, 2021",180.0,180.49,176.3,177.12,529704
986,"Dec 7, 2021",177.25,182.97,176.51,178.13,1525571
987,"Dec 6, 2021",178.0,182.0,175.5,176.92,1878974
988,"Dec 3, 2021",169.11,180.5,169.11,175.2,1374891
989,"Dec 2, 2021",179.8,181.5,169.0,172.69,1887180
990,"Dec 1, 2021",181.0,182.25,179.5,180.29,572567
991,"Jan 31, 2022",185.75,188.4,185.1,187.85,511081
992,"Jan 28, 2022",187.0,188.25,185.0,185.53,474151
993,"Jan 27, 2022",187.76,189.25,186.23,186.51,713428
994,"Jan 26, 2022",186.8,188.99,185.0,186.16,318582
995,"Jan 25, 2022",186.5,189.55,185.6,186.52,1788495
996,"Jan 24, 2022",181.2,187.5,180.92,185.1,1163989
997,"Jan 21, 2022",181.5,184.0,180.6,182.25,258434
998,"Jan 20, 2022",179.5,182.48,177.01,181.5,529319
999,"Jan 19, 2022",186.5,186.89,178.25,179.74,607202
1000,"Jan 18, 2022",186.0,187.3,185.11,186.17,342172
1001,"Jan 17, 2022",186.99,186.99,183.4,186.02,241125
1002,"Jan 14, 2022",187.85,188.04,184.95,186.35,569858
1003,"Jan 13, 2022",188.69,189.3,185.02,185.67,419530
1004,"Jan 12, 2022",185.58,188.89,185.58,187.46,629202
1005,"Jan 11, 2022",187.75,187.94,184.5,186.13,483496
1006,"Jan 10, 2022",183.71,188.0,183.6,187.16,877123
1007,"Jan 7, 2022",183.02,185.49,183.02,183.94,428870
1008,"Jan 6, 2022",187.0,187.0,183.12,183.66,345220
1009,"Jan 5, 2022",183.0,189.39,182.7,187.98,1344040
1010,"Jan 4, 2022",182.98,184.25,181.01,183.46,378408
1011,"Jan 3, 2022",181.91,183.95,180.3,182.63,390101
1012,"Feb 28, 2022",175.99,181.99,173.0,181.27,459030
1013,"Feb 25, 2022",176.0,177.2,173.72,176.49,558039
1014,"Feb 24, 2022",179.0,179.0,172.0,173.72,902620
1015,"Feb 23, 2022",182.45,182.45,179.2,180.0,566239
1016,"Feb 22, 2022",182.32,182.37,179.5,181.04,678191
1017,"Feb 21, 2022",183.0,185.19,182.93,183.14,819534
1018,"Feb 18, 2022",180.5,184.75,180.02,183.26,786613
1019,"Feb 17, 2022",181.65,182.64,179.55,180.52,533667
1020,"Feb 16, 2022",184.8,185.22,182.01,182.77,271046
1021,"Feb 15, 2022",183.51,185.39,182.3,183.9,480872
1022,"Feb 14, 2022",187.75,188.5,182.53,183.28,1156904
1023,"Feb 11, 2022",196.5,198.0,187.1,187.73,2890182
1024,"Feb 10, 2022",197.0,198.98,196.25,196.85,1157911
1025,"Feb 9, 2022",193.86,196.0,193.5,195.46,508581
1026,"Feb 8, 2022",194.38,195.4,193.25,193.86,280231
1027,"Feb 7, 2022",194.75,199.0,193.5,194.37,1185706
1028,"Feb 4, 2022",191.0,196.5,190.05,195.23,2169200
1029,"Feb 3, 2022",193.99,193.99,190.11,190.38,750513
1030,"Feb 2, 2022",187.9,192.9,187.7,192.05,1478594
1031,"Feb 1, 2022",187.97,189.75,186.81,188.4,646684
1032,"Mar 31, 2022",162.9,169.0,162.4,166.67,1205187
1033,"Mar 30, 2022",165.25,166.99,160.61,163.1,1488784
1034,"Mar 29, 2022",160.8,167.0,160.2,165.96,996430
1035,"Mar 28, 2022",156.7,159.9,155.61,159.34,294068
1036,"Mar 25, 2022",157.51,158.59,155.81,156.65,897935
1037,"Mar 24, 2022",157.01,157.9,154.75,157.51,454355
1038,"Mar 22, 2022",158.45,158.9,156.42,156.76,260108
1039,"Mar 21, 2022",156.02,158.0,156.02,157.59,581295
1040,"Mar 18, 2022",161.0,161.45,155.21,156.2,1969868
1041,"Mar 17, 2022",165.0,166.0,163.0,163.35,241112
1042,"Mar 16, 2022",163.97,165.77,163.3,164.94,335660
1043,"Mar 15, 2022",161.0,163.75,160.14,163.26,175756
1044,"Mar 14, 2022",161.7,162.75,159.85,160.14,657370
1045,"Mar 11, 2022",162.98,164.0,160.8,161.69,324998
1046,"Mar 10, 2022",162.0,164.5,159.65,163.57,548284
1047,"Mar 9, 2022",160.5,160.99,158.45,159.5,418571
1048,"Mar 8, 2022",164.5,165.65,159.99,160.42,891659
1049,"Mar 7, 2022",172.4,172.4,163.3,164.91,1368270
1050,"Mar 4, 2022",174.0,175.0,172.85,173.06,474260
1051,"Mar 3, 2022",177.25,178.02,172.75,175.25,1064947
1052,"Mar 2, 2022",179.05,179.05,174.9,177.93,2377738
1053,"Mar 1, 2022",186.0,186.0,179.95,181.24,1631059
1054,"Apr 28, 2022",168.0,172.9,165.01,169.59,3048107
1055,"Apr 27, 2022",168.0,169.0,167.0,167.71,432743
1056,"Apr 26, 2022",170.91,170.91,167.7,167.98,481517
1057,"Apr 25, 2022",170.5,173.1,170.5,170.94,1884703
1058,"Apr 22, 2022",167.0,168.0,165.8,167.16,359383
1059,"Apr 21, 2022",166.05,168.0,165.0,165.49,271186
1060,"Apr 20, 2022",170.5,172.5,166.22,166.96,492050
1061,"Apr 19, 2022",171.5,171.5,169.02,169.41,858217
1062,"Apr 18, 2022",168.5,174.5,167.7,171.27,2854897
1063,"Apr 15, 2022",171.99,172.5,169.1,171.05,1473955
1064,"Apr 14, 2022",169.84,171.2,168.05,169.38,716111
1065,"Apr 13, 2022",168.4,172.5,167.43,168.95,1527351
1066,"Apr 12, 2022",171.0,171.2,167.0,168.72,1097011
1067,"Apr 11, 2022",166.5,171.5,166.02,170.84,2806493
1068,"Apr 8, 2022",156.5,162.4,156.5,161.58,915671
1069,"Apr 7, 2022",157.05,158.98,157.05,157.95,452860
1070,"Apr 6, 2022",157.3,159.2,156.87,157.21,339181
1071,"Apr 5, 2022",157.2,158.45,154.83,156.62,585586
1072,"Apr 4, 2022",161.8,162.49,154.75,156.35,1454985
1073,"Apr 1, 2022",166.5,169.19,162.0,166.45,647062
1074,"May 31, 2022",163.75,165.0,162.51,164.68,680641
1075,"May 30, 2022",161.5,165.2,161.02,163.75,943625
1076,"May 27, 2022",165.0,168.6,159.5,161.56,3247766
1077,"May 26, 2022",157.0,161.0,156.4,160.58,1356186
1078,"May 25, 2022",157.99,158.0,155.6,157.31,864139
1079,"May 24, 2022",158.5,160.3,157.0,157.18,526685
1080,"May 23, 2022",161.29,161.29,157.0,158.28,673690
1081,"May 20, 2022",160.4,163.0,160.35,161.51,905974
1082,"May 19, 2022",161.85,162.0,160.01,160.62,561403
1083,"May 18, 2022",160.5,162.1,158.0,161.31,529244
1084,"May 17, 2022",160.36,162.5,159.02,159.86,479913
1085,"May 16, 2022",161.01,161.5,157.1,158.66,812053
1086,"May 13, 2022",163.5,165.5,162.01,164.19,640245
1087,"May 12, 2022",160.0,164.0,158.05,162.93,1120197
1088,"May 11, 2022",163.0,163.5,155.25,159.61,800512
1089,"May 10, 2022",160.08,163.99,160.08,163.01,906643
1090,"May 9, 2022",169.8,169.8,159.5,161.13,856653
1091,"May 6, 2022",170.0,172.9,169.05,169.64,1185234
1092,"Jun 30, 2022",172.0,172.8,170.51,171.84,1129622
1093,"Jun 29, 2022",172.05,173.49,171.0,171.39,1293124
1094,"Jun 28, 2022",175.49,175.49,169.5,171.04,3919220
1095,"Jun 27, 2022",169.49,174.5,168.04,173.83,1311656
1096,"Jun 24, 2022",174.9,175.3,162.5,168.04,2500073
1097,"Jun 23, 2022",172.99,176.9,172.7,174.93,2754510
1098,"Jun 22, 2022",174.01,174.64,170.83,171.82,668508
1099,"Jun 21, 2022",171.33,174.15,168.49,172.93,1602362
1100,"Jun 20, 2022",173.79,174.95,169.5,171.32,1681195
1101,"Jun 17, 2022",169.0,175.06,167.0,172.92,2479141
1102,"Jun 16, 2022",165.1,169.31,163.7,168.85,2319037
1103,"Jun 15, 2022",163.0,165.5,162.5,163.85,836831
1104,"Jun 14, 2022",160.99,163.48,159.11,162.42,443827
1105,"Jun 13, 2022",162.51,163.25,158.75,160.71,684047
1106,"Jun 10, 2022",161.99,164.6,161.3,163.54,450962
1107,"Jun 9, 2022",160.5,165.75,159.75,161.65,2667128
1108,"Jun 8, 2022",158.54,160.0,157.8,159.73,302738
1109,"Jun 7, 2022",159.49,160.09,158.16,158.65,416370
1110,"Jun 6, 2022",155.5,159.49,155.0,158.89,873214
1111,"Jun 3, 2022",163.3,164.6,154.0,155.63,1792577
1112,"Jun 2, 2022",161.85,162.0,158.5,161.84,564857
1113,"Jun 1, 2022",164.5,164.55,161.55,161.86,308253
1114,"Jul 7, 2022",170.0,173.56,168.16,172.35,835618
1115,"Jul 6, 2022",169.55,170.45,169.16,169.35,201924
1116,"Jul 5, 2022",170.5,170.65,169.12,169.38,221226
1117,"Jul 4, 2022",172.12,172.35,169.76,170.36,276460
1118,"Jul 1, 2022",172.0,174.75,171.84,172.42,726129
